Rk,Player,Nation,Pos,Squad,Age,Born,MP,Starts,Min,90s,Gls,Ast,G+A,G-PK,PK,PKatt,CrdY,CrdR,Gls90,Ast90,G+A90,G-PK90,G+A-PK90
1,Brenden Aaronson,us USA,MFFW,Leeds United,24,2000,37,30,2449,27.2,4,5,9,4,0,0,3,0,0.15,0.18,0.33,0.15,0.33
2,Jerome Abbey,eng ENG,MF,Wolves,15,2009,1,0,17,0.2,0,0,0,0,0,0,0,0,0,0,0,0,0
3,Zach Abbott,eng ENG,DF,Nottingham,19,2006,3,2,164,1.8,0,0,0,0,0,0,0,0,0,0,0,0,0
4,Tammy Abraham,eng ENG,FW,Aston Villa,27,1997,12,2,286,3.2,2,0,2,2,0,0,0,0,0.63,0,0.63,0.63,0.63
5,Joshua Acheampong,eng ENG,DF,Chelsea,19,2006,17,8,666,7.4,1,0,1,1,0,0,1,0,0.14,0,0.14,0.14,0.14
6,Tyler Adams,us USA,MF,Bournemouth,26,1999,25,21,1772,19.7,2,2,4,2,0,0,8,0,0.1,0.1,0.2,0.1,0.2
7,Tosin Adarabioyo,eng ENG,DF,Chelsea,27,1997,16,8,795,8.8,0,0,0,0,0,0,2,0,0,0,0,0,0
8,Simon Adingra,ci CIV,MFFW,Sunderland,23,2002,14,9,653,7.3,1,0,1,1,0,0,2,0,0.14,0,0.14,0.14,0.14
9,Amine Adli,ma MAR,MF,Bournemouth,25,2000,31,10,1094,12.2,3,1,4,3,0,0,2,0,0.25,0.08,0.33,0.25,0.33
10,Emmanuel Agbadou,ci CIV,DF,Wolves,28,1997,14,12,1101,12.2,0,0,0,0,0,0,1,1,0,0,0,0,0
11,Nayef Aguerd,ma MAR,DF,West Ham,29,1996,2,2,180,2,0,0,0,0,0,0,0,0,0,0,0,0,0
12,Ola Aina,ng NGA,DF,Nottingham,28,1996,18,18,1588,17.6,0,0,0,0,0,0,3,0,0,0,0,0,0
13,Rayan Ait-Nouri,dz ALG,DF,Manchester City,24,2001,17,12,974,10.8,0,2,2,0,0,0,2,0,0,0.18,0.18,0,0.18
14,Kristoffer Ajer,no NOR,DF,Brentford,27,1998,27,20,1810,20.1,0,1,1,0,0,0,4,0,0,0.05,0.05,0,0.05
15,Nathan Ake,nl NED,DF,Manchester City,30,1995,18,6,695,7.7,0,0,0,0,0,0,1,0,0,0,0,0,0
16,Carlos Alcaraz,ar ARG,MF,Everton,22,2002,20,6,689,7.7,0,1,1,0,0,0,4,0,0,0.13,0.13,0,0.13
17,Omar Alderete,py PAR,DF,Sunderland,28,1996,33,32,2798,31.1,1,1,2,1,0,0,6,0,0.03,0.03,0.06,0.03,0.06
18,Alisson,br BRA,GK,Liverpool,32,1992,26,26,2340,26,0,0,0,0,0,0,1,0,0,0,0,0,0
19,Max Alleyne,eng ENG,DF,Manchester City,20,2005,2,2,135,1.5,0,0,0,0,0,0,0,0,0,0,0,0,0
20,Alysson,br BRA,MF,Aston Villa,19,2006,3,0,49,0.5,0,0,0,0,0,0,0,0,0,0,0,0,0
21,Jaydon Amauri Banel,nl NED,FWMF,Burnley,20,2004,1,0,10,0.1,0,0,0,0,0,0,0,0,0,0,0,0,0
22,Zeki Amdouni,ch SUI,FWMF,Burnley,24,2000,4,0,73,0.8,0,0,0,0,0,0,0,0,0,0,0,0,0
23,Ethan Ampadu,wls WAL,MF,Leeds United,24,2000,35,35,3119,34.7,1,1,2,1,0,0,10,0,0.03,0.03,0.06,0.03,0.06
24,Joachim Andersen,dk DEN,DF,Fulham,29,1996,33,33,2875,31.9,0,1,1,0,0,0,7,1,0,0.03,0.03,0,0.03
25,Elliot Anderson,eng ENG,MF,Nottingham,22,2002,38,37,3331,37,4,4,8,3,1,1,8,0,0.11,0.11,0.22,0.08,0.19
26,Andre,br BRA,MF,Wolves,24,2001,35,30,2762,30.7,1,0,1,1,0,0,12,0,0.03,0,0.03,0.03,0.03
27,Nilson Angulo,ec ECU,MF,Sunderland,22,2003,8,5,404,4.5,0,0,0,0,0,0,1,0,0,0,0,0,0
28,Jaidon Anthony,eng ENG,MF,Burnley,25,1999,37,32,2722,30.2,8,2,10,8,0,0,4,0,0.26,0.07,0.33,0.26,0.33
29,Alphonse Areola,fr FRA,GK,West Ham,32,1993,20,20,1800,20,0,1,1,0,0,0,0,0,0,0.05,0.05,0,0.05
30,Jhon Arias,co COL,FWMF,Wolves,27,1997,23,14,1124,12.5,1,0,1,1,0,0,1,0,0.08,0,0.08,0.08,0.08
31,Adam Armstrong,eng ENG,FWMF,Wolves,28,1997,14,14,1140,12.7,2,2,4,1,1,1,3,0,0.16,0.16,0.32,0.08,0.24
32,Harrison Armstrong,eng ENG,MF,Everton,18,2007,13,6,529,5.9,0,0,0,0,0,0,0,0,0,0,0,0,0
33,Tolu Arokodare,ng NGA,FW,Wolves,24,2000,33,13,1419,15.8,3,1,4,3,0,1,1,0,0.19,0.06,0.25,0.19,0.25
34,Kepa Arrizabalaga,es ESP,GK,Arsenal,30,1994,1,1,90,1,0,0,0,0,0,0,0,0,0,0,0,0,0
35,Taiwo Awoniyi,ng NGA,FW,Nottingham,27,1997,17,3,494,5.5,4,1,5,4,0,0,2,0,0.73,0.18,0.91,0.73,0.91
36,Yasin Ayari,se SWE,MF,Brighton,21,2003,29,20,1929,21.4,3,3,6,3,0,0,1,0,0.14,0.14,0.28,0.14,0.28
37,Benoit Badiashile,fr FRA,DF,Chelsea,24,2001,8,6,471,5.2,0,0,0,0,0,0,2,0,0,0,0,0,0
38,Leon Bailey,jm JAM,MF,Aston Villa,27,1997,13,3,459,5.1,0,1,1,0,0,0,1,0,0,0.2,0.2,0,0.2
39,Dilane Bakwa,fr FRA,MF,Nottingham,22,2002,14,6,553,6.1,0,2,2,0,0,0,1,0,0,0.33,0.33,0,0.33
40,Carlos Baleba,cm CMR,MF,Brighton,21,2004,31,23,1652,18.4,0,0,0,0,0,0,5,0,0,0,0,0,0
41,Daniel Ballard,nir NIR,DF,Sunderland,25,1999,29,24,2149,23.9,2,0,2,2,0,0,4,1,0.08,0,0.08,0.08,0.08
42,Ross Barkley,eng ENG,MF,Aston Villa,31,1993,21,7,857,9.5,3,1,4,3,0,0,1,0,0.32,0.11,0.42,0.32,0.42
43,Ashley Barnes,eng ENG,FWMF,Burnley,35,1989,7,0,46,0.5,0,0,0,0,0,0,2,0,0,0,0,0,0
44,Harvey Barnes,eng ENG,FWMF,Newcastle,27,1997,37,19,1966,21.8,7,1,8,7,0,0,1,0,0.32,0.05,0.37,0.32,0.37
45,Thierno Barry,fr FRA,FW,Everton,22,2002,38,21,1914,21.3,8,0,8,8,0,0,3,0,0.38,0,0.38,0.38,0.38
46,Calvin Bassey,ng NGA,DF,Fulham,25,1999,30,28,2534,28.2,1,0,1,1,0,0,5,0,0.04,0,0.04,0.04,0.04
47,Altay Bayindir,tr TUR,GK,Manchester Utd,27,1998,6,6,540,6,0,0,0,0,0,0,0,0,0,0,0,0,0
48,Jean-Ricner Bellegarde,ht HAI,MFFW,Wolves,27,1998,26,15,1248,13.9,1,1,2,1,0,0,5,0,0.07,0.07,0.14,0.07,0.14
49,Walter Benitez,ar ARG,GK,Crystal Palace,32,1993,1,1,90,1,0,0,0,0,0,0,0,0,0,0,0,0,0
50,Rodrigo Bentancur,uy URU,MF,Tottenham,28,1997,26,23,1883,20.9,1,1,2,1,0,0,7,0,0.05,0.05,0.1,0.05,0.1
51,Daniel Bentley,eng ENG,GK,Wolves,32,1993,3,3,270,3,0,0,0,0,0,0,0,0,0,0,0,0,0
52,Sander Berge,no NOR,MF,Fulham,27,1998,35,34,2905,32.3,0,1,1,0,0,0,5,0,0,0.03,0.03,0,0.03
53,Lucas Bergvall,se SWE,MF,Tottenham,19,2006,23,11,965,10.7,1,3,4,1,0,0,2,0,0.09,0.28,0.37,0.09,0.37
54,Beto,gw GNB,FW,Everton,27,1998,37,17,1568,17.4,9,1,10,9,0,0,3,0,0.52,0.06,0.57,0.52,0.57
55,Jaka Bijol,si SVN,DF,Leeds United,26,1999,25,21,1890,21,1,2,3,1,0,0,4,0,0.05,0.1,0.14,0.05,0.14
56,Yves Bissouma,ml MLI,MF,Tottenham,28,1996,11,7,603,6.7,0,0,0,0,0,0,4,0,0,0,0,0,0
57,Marco Bizot,nl NED,GK,Aston Villa,34,1991,7,6,585,6.5,0,0,0,0,0,0,2,0,0,0,0,0,0
58,Oscar Bobb,no NOR,MFFW,Manchester City,22,2003,9,5,468,5.2,0,1,1,0,0,0,1,0,0,0.19,0.19,0,0.19
59,Oscar Bobb,no NOR,MF,Fulham,22,2003,14,6,571,6.3,0,0,0,0,0,0,0,0,0,0,0,0,0
60,Lamare Bogarde,nl NED,MFDF,Aston Villa,21,2004,28,11,1053,11.7,0,0,0,0,0,0,5,0,0,0,0,0,0
61,Jayden Bogle,eng ENG,MFDF,Leeds United,25,2000,34,32,2793,31,1,2,3,1,0,0,6,0,0.03,0.06,0.1,0.03,0.1
62,Sebastiaan Bornauw,be BEL,DF,Leeds United,26,1999,12,5,429,4.8,0,0,0,0,0,0,1,0,0,0,0,0,0
63,Olivier Boscagli,fr FRA,DF,Brighton,27,1997,12,9,802,8.9,0,1,1,0,0,0,2,0,0,0.11,0.11,0,0.11
64,Sven Botman,nl NED,DF,Newcastle,25,2000,25,21,1835,20.4,1,1,2,1,0,0,2,0,0.05,0.05,0.1,0.05,0.1
65,Jarrod Bowen,eng ENG,MFFW,West Ham,28,1996,38,38,3403,37.8,9,11,20,8,1,1,4,0,0.24,0.29,0.53,0.21,0.5
66,Conor Bradley,nir NIR,DF,Liverpool,22,2003,15,12,929,10.3,0,1,1,0,0,0,5,0,0,0.1,0.1,0,0.1
67,Jarrad Branthwaite,eng ENG,DF,Everton,23,2002,10,7,680,7.6,1,0,1,1,0,0,1,0,0.13,0,0.13,0.13,0.13
68,Brian Brobbey,nl NED,FW,Sunderland,23,2002,31,22,1927,21.4,7,1,8,7,0,0,6,0,0.33,0.05,0.37,0.33,0.37
69,Armando Broja,al ALB,FW,Burnley,23,2001,24,8,860,9.6,1,1,2,1,0,0,0,0,0.1,0.1,0.21,0.1,0.21
70,David Brooks,wls WAL,MF,Bournemouth,28,1997,31,13,1204,13.4,1,3,4,1,0,0,7,0,0.07,0.22,0.3,0.07,0.3
71,Jacob Bruun Larsen,dk DEN,MFFW,Burnley,26,1998,28,10,1030,11.4,0,1,1,0,0,0,0,0,0,0.09,0.09,0,0.09
72,Emi Buendia,ar ARG,MF,Aston Villa,28,1996,36,21,1755,19.5,6,2,8,6,0,0,6,0,0.31,0.1,0.41,0.31,0.41
73,Hugo Bueno,es ESP,MFDF,Wolves,22,2002,35,26,2366,26.3,1,2,3,1,0,0,3,0,0.04,0.08,0.11,0.04,0.11
74,Santiago Bueno,uy URU,DF,Wolves,26,1998,29,28,2553,28.4,3,1,4,3,0,0,4,0,0.11,0.04,0.14,0.11,0.14
75,Facundo Buonanotte,ar ARG,MF,Chelsea,20,2004,1,1,45,0.5,0,0,0,0,0,0,0,0,0,0,0,0,0
76,Facundo Buonanotte,ar ARG,MF,Leeds United,20,2004,3,0,39,0.4,0,0,0,0,0,0,1,0,0,0,0,0,0
77,Dan Burn,eng ENG,DF,Newcastle,33,1992,29,25,2199,24.4,1,2,3,1,0,0,11,1,0.04,0.08,0.12,0.04,0.12
78,Bradley Burrowes,eng ENG,MF,Aston Villa,17,2008,1,0,17,0.2,0,0,0,0,0,0,0,0,0,0,0,0,0
79,Jun'ai Byfield,eng ENG,DF,Tottenham,16,2008,1,0,1,0,0,0,0,0,0,0,0,0,0,0,0,0,0
80,Sam Byram,eng ENG,DFMF,Leeds United,31,1993,2,0,9,0.1,0,0,0,0,0,0,0,0,0,0,0,0,0
81,Moises Caicedo,ec ECU,MF,Chelsea,23,2001,33,32,2795,31.1,3,1,4,3,0,0,11,1,0.1,0.03,0.13,0.1,0.13
82,Tom Cairney,sct SCO,MF,Fulham,34,1991,24,6,775,8.6,2,0,2,2,0,0,3,0,0.23,0,0.23,0.23,0.23
83,Riccardo Calafiori,it ITA,DF,Arsenal,23,2002,26,22,1699,18.9,1,2,3,1,0,0,5,0,0.05,0.11,0.16,0.05,0.16
84,Dominic Calvert-Lewin,eng ENG,FW,Leeds United,28,1997,35,30,2721,30.2,14,1,15,10,4,5,3,0,0.46,0.03,0.5,0.33,0.36
85,Jaydee Canvot,fr FRA,DF,Crystal Palace,19,2006,20,14,1336,14.8,0,0,0,0,0,0,3,0,0,0,0,0,0
86,Rio Cardines,tt TRI,MF,Crystal Palace,19,2006,1,1,90,1,0,0,0,0,0,0,0,0,0,0,0,0,0
87,Fabio Carvalho,pt POR,MF,Brentford,22,2002,6,1,102,1.1,1,0,1,1,0,0,0,0,0.88,0,0.88,0.88,0.88
88,Casemiro,br BRA,MF,Manchester Utd,33,1992,34,33,2571,28.6,9,2,11,9,0,0,11,1,0.32,0.07,0.39,0.32,0.39
89,Matty Cash,pl POL,DF,Aston Villa,27,1997,35,34,3014,33.5,3,3,6,3,0,0,9,0,0.09,0.09,0.18,0.09,0.18
90,Timothy Castagne,be BEL,DFMF,Fulham,29,1995,30,20,1845,20.5,0,0,0,0,0,0,4,0,0,0,0,0,0
91,Valentin Castellanos,ar ARG,FW,West Ham,26,1998,18,17,1384,15.4,6,0,6,6,0,0,6,0,0.39,0,0.39,0.39,0.39
92,Trevoh Chalobah,eng ENG,DF,Chelsea,26,1999,34,31,2783,30.9,3,0,3,3,0,0,3,1,0.1,0,0.1,0.1,0.1
93,Rayan Cherki,fr FRA,MF,Manchester City,21,2003,33,19,1786,19.8,4,12,16,4,0,0,1,0,0.2,0.6,0.81,0.2,0.81
94,Federico Chiesa,it ITA,MF,Liverpool,27,1997,26,1,339,3.8,2,1,3,2,0,0,3,0,0.53,0.27,0.8,0.53,0.8
95,Tawanda Chirewa,zw ZIM,MF,Wolves,21,2003,2,0,27,0.3,0,0,0,0,0,0,0,0,0,0,0,0,0
96,Ryan Christie,sct SCO,MF,Bournemouth,30,1995,26,9,994,11,2,0,2,2,0,0,3,1,0.18,0,0.18,0.18,0.18
97,Samuel Chukwueze,ng NGA,MF,Fulham,26,1999,23,10,1079,12,3,4,7,3,0,0,0,0,0.25,0.33,0.58,0.25,0.58
98,Dennis Cirkin,lv LVA,DF,Sunderland,23,2002,8,3,323,3.6,0,0,0,0,0,0,2,0,0,0,0,0,0
99,Nathaniel Clyne,eng ENG,MFDF,Crystal Palace,34,1991,10,7,594,6.6,0,1,1,0,0,0,1,0,0,0.15,0.15,0,0.15
100,Seamus Coleman,ie IRL,DF,Everton,36,1988,5,1,21,0.2,0,0,0,0,0,0,0,0,0,0,0,0,0
101,Nathan Collins,ie IRL,DF,Brentford,24,2001,35,32,2975,33.1,1,2,3,1,0,0,7,0,0.03,0.06,0.09,0.03,0.09
102,Levi Colwill,eng ENG,DF,Chelsea,22,2003,3,2,225,2.5,0,0,0,0,0,0,0,0,0,0,0,0,0
103,Lewis Cook,eng ENG,MFDF,Bournemouth,28,1997,18,8,874,9.7,0,1,1,0,0,0,1,1,0,0.1,0.1,0,0.1
104,Diego Coppola,it ITA,DF,Brighton,21,2003,5,2,194,2.2,0,0,0,0,0,0,2,0,0,0,0,0,0
105,Marc Cucurella,es ESP,DF,Chelsea,27,1998,34,31,2707,30.1,1,4,5,1,0,0,8,1,0.03,0.13,0.17,0.03,0.17
106,Jorge Cuenca,es ESP,DF,Fulham,25,1999,15,11,938,10.4,0,0,0,0,0,0,6,0,0,0,0,0,0
107,Josh Cullen,ie IRL,MF,Burnley,29,1996,18,18,1514,16.8,2,2,4,2,0,0,2,0,0.12,0.12,0.24,0.12,0.24
108,Jair Cunha,br BRA,DF,Nottingham,20,2005,9,6,517,5.7,0,0,0,0,0,0,0,0,0,0,0,0,0
109,Matheus Cunha,br BRA,MFFW,Manchester Utd,26,1999,33,29,2494,27.7,10,2,12,10,0,0,4,0,0.36,0.07,0.43,0.36,0.43
110,Diogo Dalot,pt POR,DFMF,Manchester Utd,26,1999,34,29,2614,29,1,3,4,1,0,0,5,0,0.03,0.1,0.14,0.03,0.14
111,Mikkel Damsgaard,dk DEN,MF,Brentford,25,2000,33,24,2054,22.8,4,4,8,4,0,0,0,0,0.18,0.18,0.35,0.18,0.35
112,Kevin Danso,at AUT,DF,Tottenham,26,1998,24,17,1494,16.6,0,0,0,0,0,0,8,0,0,0,0,0,0
113,Karl Darlow,wls WAL,GK,Leeds United,34,1990,22,22,1980,22,0,0,0,0,0,0,1,0,0,0,0,0,0
114,Josh Dasilva,eng ENG,MF,Brentford,26,1998,2,0,3,0,0,0,0,0,0,0,0,0,0,0,0,0,0
115,Ben Davies,wls WAL,DF,Tottenham,32,1993,3,2,137,1.5,1,0,1,1,0,0,1,0,0.66,0,0.66,0.66,0.66
116,Maxim De Cuyper,be BEL,DFMF,Brighton,24,2000,30,17,1414,15.7,2,3,5,2,0,0,2,0,0.13,0.19,0.32,0.13,0.32
117,Liam Delap,eng ENG,FW,Chelsea,22,2003,28,12,1107,12.3,1,0,1,1,0,0,4,0,0.08,0,0.08,0.08,0.08
118,Sepp van den Berg,nl NED,DF,Brentford,23,2001,32,30,2763,30.7,0,2,2,0,0,0,2,0,0,0.07,0.07,0,0.07
119,Jesse Derry,eng ENG,MF,Chelsea,18,2007,1,1,44,0.5,0,0,0,0,0,0,0,0,0,0,0,0,0
120,Justin Devenny,nir NIR,MFFW,Crystal Palace,21,2003,21,7,796,8.8,1,0,1,0,1,1,0,0,0.11,0,0.11,0,0
121,Kiernan Dewsbury-Hall,eng ENG,MF,Everton,26,1998,31,30,2626,29.2,8,4,12,8,0,0,6,0,0.27,0.14,0.41,0.27,0.41
122,Bafode Diakite,fr FRA,DF,Bournemouth,24,2001,18,15,1277,14.2,0,0,0,0,0,0,1,0,0,0,0,0,0
123,Amad Diallo,ci CIV,MF,Manchester Utd,23,2002,32,27,2341,26,2,3,5,2,0,0,2,0,0.08,0.12,0.19,0.08,0.19
124,Habib Diarra,sn SEN,MF,Sunderland,21,2004,20,15,1405,15.6,2,2,4,1,1,1,6,0,0.13,0.13,0.26,0.06,0.19
125,Ruben Dias,pt POR,DF,Manchester City,28,1997,26,24,2141,23.8,2,0,2,2,0,0,3,0,0.08,0,0.08,0.08,0.08
126,Tyler Dibling,eng ENG,MF,Everton,19,2006,14,4,358,4,0,0,0,0,0,0,2,0,0,0,0,0,0
127,Lucas Digne,fr FRA,DF,Aston Villa,32,1993,31,21,1852,20.6,0,6,6,0,0,0,3,0,0,0.29,0.29,0,0.29
128,Issa Diop,ma MAR,DF,Fulham,28,1997,13,8,816,9.1,1,0,1,1,0,0,2,0,0.11,0,0.11,0.11,0.11
129,El Hadji Malick Diouf,sn SEN,DFMF,West Ham,20,2004,32,30,2707,30.1,0,5,5,0,0,0,6,0,0,0.17,0.17,0,0.17
130,Axel Disasi,fr FRA,DF,West Ham,27,1998,14,14,1254,13.9,0,0,0,0,0,0,1,0,0,0,0,0,0
131,Matt Doherty,ie IRL,DFMF,Wolves,33,1992,11,11,787,8.7,0,0,0,0,0,0,4,0,0,0,0,0,0
132,Jeremy Doku,be BEL,MFFW,Manchester City,23,2002,30,19,1784,19.8,5,5,10,5,0,0,0,0,0.25,0.25,0.5,0.25,0.5
133,Nicolas Dominguez,ar ARG,MF,Nottingham,27,1998,27,17,1175,13.1,1,1,2,1,0,0,3,0,0.08,0.08,0.15,0.08,0.15
134,Gianluigi Donnarumma,it ITA,GK,Manchester City,26,1999,34,34,3060,34,0,0,0,0,0,0,8,0,0,0,0,0,0
135,Romelle Donovan,eng ENG,FW,Brentford,18,2006,4,0,41,0.5,0,0,0,0,0,0,0,0,0,0,0,0,0
136,Patrick Dorgu,dk DEN,MF,Manchester Utd,20,2004,26,15,1449,16.1,4,4,8,4,0,0,5,0,0.25,0.25,0.5,0.25,0.5
137,Max Dowman,eng ENG,MF,Arsenal,15,2009,6,1,157,1.7,1,0,1,1,0,0,0,0,0.57,0,0.57,0.57,0.57
138,Radu Dragusin,ro ROU,DF,Tottenham,23,2002,10,5,517,5.7,0,0,0,0,0,0,0,0,0,0,0,0,0
139,Joel Drakes-Thomas,eng ENG,MF,Crystal Palace,16,2009,2,0,9,0.1,0,0,0,0,0,0,0,0,0,0,0,0,0
140,Martin Dubravka,sk SVK,GK,Burnley,36,1989,35,35,3150,35,0,0,0,0,0,0,1,0,0,0,0,0,0
141,Lewis Dunk,eng ENG,DF,Brighton,33,1991,33,31,2838,31.5,1,0,1,1,0,0,10,0,0.03,0,0.03,0.03,0.03
142,George Earthy,eng ENG,MF,West Ham,20,2004,1,0,9,0.1,0,0,0,0,0,0,0,0,0,0,0,0,0
143,Odsonne Edouard,fr FRA,FW,Crystal Palace,27,1998,1,0,3,0,0,0,0,0,0,0,0,0,0,0,0,0,0
144,Tom Edozie,eng ENG,MF,Wolves,19,2006,3,0,14,0.2,1,0,1,1,0,0,0,0,6.43,0,6.43,6.43,6.43
145,Marcus Edwards,eng ENG,MFFW,Burnley,26,1998,23,11,1067,11.9,1,3,4,1,0,0,0,0,0.08,0.25,0.34,0.08,0.34
146,Hjalmar Ekdal,se SWE,DF,Burnley,26,1998,19,17,1539,17.1,0,0,0,0,0,0,0,0,0,0,0,0,0
147,Hugo Ekitike,fr FRA,FW,Liverpool,23,2002,28,21,1803,20,11,4,15,11,0,0,0,0,0.55,0.2,0.75,0.55,0.75
148,Anthony Elanga,se SWE,FWMF,Newcastle,23,2002,32,14,1319,14.7,0,1,1,0,0,0,0,0,0,0.07,0.07,0,0.07
149,Melker Ellborg,se SWE,GK,Sunderland,22,2003,3,3,270,3,0,0,0,0,0,0,0,0,0,0,0,0,0
150,Harvey Elliott,eng ENG,MF,Aston Villa,22,2003,4,1,112,1.2,0,0,0,0,0,0,0,0,0,0,0,0,0
151,Harvey Elliott,eng ENG,FWMF,Liverpool,22,2003,1,0,1,0,0,0,0,0,0,0,0,0,0,0,0,0,0
152,Wataru Endo,jp JPN,DF,Liverpool,32,1993,8,1,175,1.9,0,1,1,0,0,0,1,0,0,0.51,0.51,0,0.51
153,Romain Esse,eng ENG,MF,Crystal Palace,20,2005,4,0,44,0.5,0,0,0,0,0,0,0,0,0,0,0,0,0
154,Dario Essugo,pt POR,MF,Chelsea,20,2005,3,0,30,0.3,0,0,0,0,0,0,2,0,0,0,0,0,0
155,Maxime Esteve,fr FRA,DF,Burnley,23,2002,34,34,2932,32.6,0,0,0,0,0,0,1,0,0,0,0,0,0
156,Evanilson,br BRA,FW,Bournemouth,25,1999,36,32,2742,30.5,6,1,7,6,0,0,2,0,0.2,0.03,0.23,0.2,0.23
157,Eberechi Eze,eng ENG,MF,Crystal Palace,27,1998,1,1,83,0.9,0,0,0,0,0,0,0,0,0,0,0,0,0
158,Eberechi Eze,eng ENG,MFFW,Arsenal,27,1998,32,21,1812,20.1,7,2,9,7,0,0,1,0,0.35,0.1,0.45,0.35,0.45
159,Bruno Fernandes,pt POR,MF,Manchester Utd,30,1994,35,35,3063,34,9,21,30,5,4,6,5,0,0.26,0.62,0.88,0.15,0.76
160,Mateus Fernandes,pt POR,MF,West Ham,21,2004,36,35,3016,33.5,3,4,7,3,0,0,7,0,0.09,0.12,0.21,0.09,0.21
161,Enzo Fernendez,ar ARG,MF,Chelsea,24,2001,36,35,3115,34.6,10,4,14,8,2,2,10,0,0.29,0.12,0.4,0.23,0.35
162,Zian Flemming,nl NED,FW,Burnley,26,1998,29,21,1769,19.7,11,0,11,9,2,2,5,0,0.56,0,0.56,0.46,0.46
163,Jack Fletcher,eng ENG,MF,Manchester Utd,18,2007,3,0,108,1.2,0,0,0,0,0,0,0,0,0,0,0,0,0
164,Tyler Fletcher,sct SCO,MF,Manchester Utd,18,2007,2,0,18,0.2,0,0,0,0,0,0,0,0,0,0,0,0,0
165,Phil Foden,eng ENG,MF,Manchester City,25,2000,33,23,2086,23.2,7,5,12,7,0,0,4,0,0.3,0.22,0.52,0.3,0.52
166,Wesley Fofana,fr FRA,DF,Chelsea,24,2000,25,20,1722,19.1,0,1,1,0,0,0,9,2,0,0.05,0.05,0,0.05
167,Lyle Foster,za RSA,FWMF,Burnley,24,2000,26,15,1371,15.2,3,2,5,3,0,0,4,0,0.2,0.13,0.33,0.2,0.33
168,Tyler Fredricson,eng ENG,DF,Manchester Utd,20,2005,1,0,3,0,0,0,0,0,0,0,0,0,0,0,0,0,0
169,Jeremie Frimpong,nl NED,DFMF,Liverpool,24,2000,21,12,1040,11.6,0,1,1,0,0,0,1,0,0,0.09,0.09,0,0.09
170,Niclas Fullkrug,de GER,FW,West Ham,32,1993,8,5,409,4.5,0,0,0,0,0,0,0,0,0,0,0,0,0
171,Kaye Furo,be BEL,FW,Brentford,18,2007,1,0,1,0,0,0,0,0,0,0,0,0,0,0,0,0,0
172,Cody Gakpo,nl NED,MFFW,Liverpool,26,1999,36,32,2737,30.4,7,5,12,7,0,0,3,0,0.23,0.16,0.39,0.23,0.39
173,Conor Gallagher,eng ENG,MF,Tottenham,25,2000,16,14,1184,13.2,1,1,2,1,0,0,2,0,0.08,0.08,0.15,0.08,0.15
174,Ben Gannon-Doak,sct SCO,MF,Bournemouth,19,2005,8,0,113,1.3,0,1,1,0,0,0,0,0,0,0.8,0.8,0,0.8
175,Andres Garcia,es ESP,DF,Aston Villa,22,2003,6,1,86,1,0,0,0,0,0,0,0,0,0,0,0,0,0
176,Alejandro Garnacho,ar ARG,MF,Chelsea,21,2004,24,14,1268,14.1,1,4,5,1,0,0,2,0,0.07,0.28,0.35,0.07,0.35
177,James Garner,eng ENG,MFDF,Everton,24,2001,38,38,3413,37.9,2,7,9,2,0,0,12,0,0.05,0.18,0.24,0.05,0.24
178,Lutsharel Geertruida,nl NED,DFMF,Sunderland,25,2000,28,17,1693,18.8,0,0,0,0,0,0,2,0,0,0,0,0,0
179,Tyrique George,eng ENG,FW,Chelsea,19,2006,4,0,145,1.6,0,0,0,0,0,0,2,0,0,0,0,0,0
180,Tyrique George,eng ENG,MF,Everton,19,2006,11,1,218,2.4,0,0,0,0,0,0,0,0,0,0,0,0,0
181,Morgan Gibbs-White,eng ENG,MF,Nottingham,25,2000,37,35,3097,34.4,15,4,19,14,1,1,1,0,0.44,0.12,0.55,0.41,0.52
182,Jamie Gittens,eng ENG,MF,Chelsea,20,2004,16,5,495,5.5,0,2,2,0,0,0,0,0,0,0.36,0.36,0,0.36
183,Wilfried Gnonto,it ITA,FW,Leeds United,21,2003,23,4,537,6,0,1,1,0,0,0,3,0,0,0.17,0.17,0,0.17
184,Angel Gomes,eng ENG,MFFW,Wolves,24,2000,12,7,461,5.1,0,0,0,0,0,0,1,0,0,0,0,0,0
185,Joao Gomes,br BRA,MF,Wolves,24,2001,35,32,2829,31.4,1,1,2,1,0,0,10,0,0.03,0.03,0.06,0.03,0.06
186,Rodrigo Gomes,pt POR,MFFW,Wolves,22,2003,22,9,960,10.7,3,0,3,3,0,0,0,0,0.28,0,0.28,0.28,0.28
187,Toti Gomes,pt POR,DF,Wolves,26,1999,19,17,1424,15.8,0,0,0,0,0,0,2,1,0,0,0,0,0
188,Diego Gomez,py PAR,MFFW,Brighton,22,2003,32,26,2120,23.6,5,1,6,5,0,0,9,0,0.21,0.04,0.25,0.21,0.25
189,Joe Gomez,eng ENG,DF,Liverpool,28,1997,21,7,607,6.7,0,2,2,0,0,0,4,0,0,0.3,0.3,0,0.3
190,Nicolas Gonzalez,es ESP,MF,Manchester City,23,2002,25,17,1569,17.4,1,0,1,1,0,0,6,0,0.06,0,0.06,0.06,0.06
191,Anthony Gordon,eng ENG,FW,Newcastle,24,2001,26,24,1795,19.9,6,2,8,3,3,3,3,1,0.3,0.1,0.4,0.15,0.25
192,Ryan Gravenberch,nl NED,MF,Liverpool,23,2002,36,34,2992,33.2,5,3,8,5,0,0,5,0,0.15,0.09,0.24,0.15,0.24
193,Archie Gray,eng ENG,MFDF,Tottenham,19,2006,24,18,1478,16.4,2,2,4,2,0,0,5,0,0.12,0.12,0.24,0.12,0.24
194,Jack Grealish,eng ENG,MF,Everton,29,1995,20,18,1627,18.1,2,6,8,2,0,0,5,1,0.11,0.33,0.44,0.11,0.44
195,Pascal Gross,de GER,MF,Brighton,34,1991,19,18,1636,18.2,1,3,4,1,0,0,2,0,0.06,0.17,0.22,0.06,0.22
196,Brajan Gruda,de GER,MF,Brighton,21,2004,18,8,719,8,1,1,2,1,0,0,2,0,0.13,0.13,0.25,0.13,0.25
197,Ilia Gruev,bg BUL,MF,Leeds United,25,2000,23,15,1323,14.7,0,3,3,0,0,0,3,0,0,0.2,0.2,0,0.2
198,Gabriel Gudmundsson,se SWE,DFMF,Leeds United,26,1999,32,31,2631,29.2,0,0,0,0,0,0,6,1,0,0,0,0,0
199,Marc Guehi,eng ENG,DF,Crystal Palace,25,2000,20,20,1800,20,2,2,4,2,0,0,4,0,0.1,0.1,0.2,0.1,0.2
200,Marc Guehi,eng ENG,DF,Manchester City,25,2000,15,15,1350,15,1,1,2,1,0,0,2,0,0.07,0.07,0.13,0.07,0.13
201,Evann Guessand,ci CIV,MF,Aston Villa,24,2001,13,6,588,6.5,0,1,1,0,0,0,0,0,0,0.15,0.15,0,0.15
202,Evann Guessand,ci CIV,MF,Crystal Palace,24,2001,8,3,330,3.7,1,1,2,1,0,0,0,0,0.27,0.27,0.55,0.27,0.55
203,Idrissa Gueye,sn SEN,MF,Everton,35,1989,25,25,2093,23.3,2,3,5,2,0,0,1,1,0.09,0.13,0.22,0.09,0.22
204,Luis Guilherme,br BRA,FW,West Ham,19,2006,5,1,125,1.4,0,0,0,0,0,0,0,0,0,0,0,0,0
205,Bruno Guimaraes,br BRA,MF,Newcastle,27,1997,29,27,2453,27.3,9,5,14,7,2,2,6,0,0.33,0.18,0.51,0.26,0.44
206,Marc Guiu,es ESP,FW,Sunderland,19,2006,2,0,15,0.2,0,0,0,0,0,0,0,0,0,0,0,0,0
207,Marc Guiu,es ESP,FW,Chelsea,19,2006,8,1,257,2.9,0,1,1,0,0,0,1,0,0,0.35,0.35,0,0.35
208,Angus Gunn,sct SCO,GK,Nottingham,29,1996,1,0,45,0.5,0,0,0,0,0,0,0,0,0,0,0,0,0
209,Malo Gusto,fr FRA,DFMF,Chelsea,22,2003,34,26,2261,25.1,2,3,5,2,0,0,5,1,0.08,0.12,0.2,0.08,0.2
210,Josko Gvardiol,hr CRO,DF,Manchester City,23,2002,18,16,1372,15.2,2,2,4,2,0,0,2,0,0.13,0.13,0.26,0.13,0.26
211,Viktor Gyokeres,se SWE,FW,Arsenal,27,1998,36,26,2224,24.7,14,1,15,11,3,3,5,0,0.57,0.04,0.61,0.45,0.49
212,Erling Haaland,no NOR,FW,Manchester City,25,2000,35,34,2953,32.8,27,8,35,24,3,4,2,0,0.82,0.24,1.07,0.73,0.98
213,Lewis Hall,eng ENG,DF,Newcastle,20,2004,30,24,2181,24.2,1,1,2,1,0,0,4,0,0.04,0.04,0.08,0.04,0.08
214,Jack Harrison,eng ENG,FW,Leeds United,28,1996,11,1,269,3,0,0,0,0,0,0,0,0,0,0,0,0,0
215,Quilindschy Hartman,nl NED,DF,Burnley,23,2001,21,21,1825,20.3,0,5,5,0,0,0,1,0,0,0.25,0.25,0,0.25
216,Jorrel Hato,nl NED,DF,Chelsea,19,2006,22,12,1148,12.8,0,0,0,0,0,0,7,0,0,0,0,0,0
217,Kai Havertz,de GER,FWMF,Arsenal,26,1999,12,7,581,6.5,2,3,5,2,0,0,1,0,0.31,0.46,0.77,0.31,0.77
218,Ayden Heaven,eng ENG,DF,Manchester Utd,18,2006,17,11,924,10.3,0,1,1,0,0,0,2,0,0,0.1,0.1,0,0.1
219,Jan Paul van Hecke,nl NED,DF,Brighton,25,2000,36,36,3210,35.7,3,3,6,3,0,0,9,0,0.08,0.08,0.17,0.08,0.17
220,Hwang Hee-chan,kr KOR,FWMF,Wolves,29,1996,26,18,1446,16.1,2,2,4,1,1,1,5,0,0.12,0.12,0.25,0.06,0.19
221,George Hemmings,eng ENG,MF,Aston Villa,18,2007,2,0,27,0.3,0,0,0,0,0,0,0,0,0,0,0,0,0
222,Dean Henderson,eng ENG,GK,Crystal Palace,28,1997,37,37,3330,37,0,0,0,0,0,0,5,0,0,0,0,0,0
223,Jordan Henderson,eng ENG,MF,Brentford,35,1990,32,22,1919,21.3,1,3,4,1,0,0,6,0,0.05,0.14,0.19,0.05,0.19
224,Rico Henry,jm JAM,DF,Brentford,28,1997,25,14,1328,14.8,0,1,1,0,0,0,2,0,0,0.07,0.07,0,0.07
225,Mads Hermansen,dk DEN,GK,West Ham,25,2000,18,18,1620,18,0,1,1,0,0,0,0,0,0,0.06,0.06,0,0.06
226,Aaron Hickey,sct SCO,DFMF,Brentford,23,2002,21,8,691,7.7,0,0,0,0,0,0,1,0,0,0,0,0,0
227,James Hill,eng ENG,DF,Bournemouth,23,2002,29,22,2106,23.4,0,3,3,0,0,0,5,0,0,0.13,0.13,0,0.13
228,Piero Hincapie,ec ECU,DF,Arsenal,23,2002,25,20,1792,19.9,1,2,3,1,0,0,2,0,0.05,0.1,0.15,0.05,0.15
229,Jack Hinshelwood,eng ENG,MF,Brighton,20,2005,27,20,1741,19.3,4,3,7,4,0,0,0,0,0.21,0.16,0.36,0.21,0.36
230,Ki-Jana Hoever,nl NED,MFDF,Wolves,23,2002,8,6,425,4.7,0,0,0,0,0,0,0,0,0,0,0,0,0
231,Harry Howell,eng ENG,MF,Brighton,17,2008,3,1,94,1,0,0,0,0,0,0,0,0,0,0,0,0,0
232,Callum Hudson-Odoi,eng ENG,MF,Nottingham,24,2000,30,21,1841,20.5,3,4,7,3,0,0,0,0,0.15,0.2,0.34,0.15,0.34
233,Will Hughes,eng ENG,MF,Crystal Palace,30,1995,31,19,1571,17.5,0,0,0,0,0,0,7,0,0,0,0,0,0
234,Trai Hume,nir NIR,DFMF,Sunderland,23,2002,38,34,3036,33.7,2,1,3,2,0,0,9,0,0.06,0.03,0.09,0.06,0.09
235,Bashir Humphreys,eng ENG,DFMF,Burnley,22,2003,20,17,1578,17.5,0,0,0,0,0,0,6,0,0,0,0,0,0
236,Omari Hutchinson,eng ENG,MF,Nottingham,21,2003,31,17,1688,18.8,1,5,6,1,0,0,1,0,0.05,0.27,0.32,0.05,0.32
237,Igor,br BRA,DF,West Ham,27,1998,4,1,105,1.2,0,0,0,0,0,0,0,0,0,0,0,0,0
238,Tim Iroegbunam,eng ENG,MF,Everton,22,2003,29,17,1487,16.5,0,2,2,0,0,0,9,0,0,0.12,0.12,0,0.12
239,Andy Irving,sct SCO,MF,West Ham,25,2000,7,2,158,1.8,0,0,0,0,0,0,0,0,0,0,0,0,0
240,Alexander Isak,se SWE,FW,Liverpool,25,1999,14,8,699,7.8,3,1,4,3,0,0,0,0,0.39,0.13,0.52,0.39,0.52
241,Wilson Isidor,ht HAI,FW,Sunderland,24,2000,32,11,1165,12.9,6,0,6,6,0,0,1,0,0.46,0,0.46,0.46,0.46
242,Alex Iwobi,ng NGA,MF,Fulham,29,1996,29,29,2419,26.9,4,3,7,4,0,0,3,0,0.15,0.11,0.26,0.15,0.26
243,Daniel James,wls WAL,FWMF,Leeds United,27,1997,19,6,559,6.2,0,0,0,0,0,0,0,0,0,0,0,0,0
244,Reece James,eng ENG,DFMF,Chelsea,25,1999,29,20,1963,21.8,2,4,6,2,0,0,4,0,0.09,0.18,0.28,0.09,0.28
245,Vitaly Janelt,de GER,MF,Brentford,27,1998,25,15,1443,16,1,4,5,1,0,0,8,0,0.06,0.25,0.31,0.06,0.31
246,Mathias Jensen,dk DEN,MF,Brentford,29,1996,36,26,2247,25,3,1,4,3,0,0,3,0,0.12,0.04,0.16,0.12,0.16
247,Gabriel Jesus,br BRA,FW,Arsenal,28,1997,14,3,429,4.8,3,0,3,3,0,0,3,0,0.63,0,0.63,0.63,0.63
248,Igor Jesus,br BRA,FW,Nottingham,24,2001,37,28,2298,25.5,6,4,10,5,1,1,2,0,0.23,0.16,0.39,0.2,0.35
249,Alex Jimenez,es ESP,DFMF,Bournemouth,20,2005,31,26,2317,25.7,1,0,1,1,0,0,10,0,0.04,0,0.04,0.04,0.04
250,Raul Jimenez,mx MEX,FW,Fulham,34,1991,36,27,2189,24.3,9,3,12,5,4,4,5,0,0.37,0.12,0.49,0.21,0.33
251,Jamaldeen Jimoh,eng ENG,MF,Aston Villa,18,2006,1,0,9,0.1,0,0,0,0,0,0,0,0,0,0,0,0,0
252,Joao Pedro,br BRA,FWMF,Chelsea,23,2001,35,31,2661,29.6,15,5,20,15,0,0,5,0,0.51,0.17,0.68,0.51,0.68
253,Joelinton,br BRA,MF,Newcastle,28,1996,27,23,1951,21.7,2,1,3,2,0,0,10,0,0.09,0.05,0.14,0.09,0.14
254,John,br BRA,GK,Nottingham,29,1996,5,5,437,4.9,0,0,0,0,0,0,1,0,0,0,0,0,0
255,Brennan Johnson,wls WAL,MFFW,Tottenham,24,2001,16,6,610,6.8,2,0,2,2,0,0,2,0,0.3,0,0.3,0.3,0.3
256,Brennan Johnson,wls WAL,MFFW,Crystal Palace,24,2001,18,13,1112,12.4,0,1,1,0,0,0,4,0,0,0.08,0.08,0,0.08
257,Sam Johnstone,eng ENG,GK,Wolves,32,1993,12,12,1080,12,0,0,0,0,0,0,0,0,0,0,0,0,0
258,Curtis Jones,eng ENG,MFDF,Liverpool,24,2001,34,18,1937,21.5,1,2,3,1,0,0,2,0,0.05,0.09,0.14,0.05,0.14
259,Eli Junior Kroupi,fr FRA,MFFW,Bournemouth,19,2006,33,21,1672,18.6,13,0,13,11,2,2,5,0,0.7,0,0.7,0.59,0.59
260,Hamed Junior Traore,ci CIV,MF,Bournemouth,25,2000,1,0,17,0.2,0,1,1,0,0,0,0,0,0,5.29,5.29,0,5.29
261,James Justin,eng ENG,DFMF,Leeds United,27,1998,29,21,1901,21.1,2,1,3,2,0,0,4,0,0.09,0.05,0.14,0.09,0.14
262,Filip Jorgensen,dk DEN,GK,Chelsea,23,2002,5,3,379,4.2,0,0,0,0,0,0,0,0,0,0,0,0,0
263,Ferdi Kadioglu,tr TUR,DFMF,Brighton,25,1999,37,34,3133,34.8,1,0,1,1,0,0,6,0,0.03,0,0.03,0.03,0.03
264,Sasa Kalajdzic,at AUT,FWMF,Wolves,28,1997,1,0,15,0.2,0,0,0,0,0,0,0,0,0,0,0,0,0
265,Arnaud Kalimuendo,fr FRA,FW,Nottingham,23,2002,9,0,96,1.1,0,0,0,0,0,0,0,0,0,0,0,0,0
266,Daichi Kamada,jp JPN,MF,Crystal Palace,28,1996,28,22,1902,21.1,0,0,0,0,0,0,3,0,0,0,0,0,0
267,Boubacar Kamara,fr FRA,MF,Aston Villa,25,1999,18,17,1411,15.7,1,3,4,1,0,0,5,0,0.06,0.19,0.26,0.06,0.26
268,Mohamadou Kante,fr FRA,MF,West Ham,19,2005,11,0,75,0.8,0,0,0,0,0,0,2,0,0,0,0,0,0
269,Michael Kayode,it ITA,DF,Brentford,21,2004,37,37,3258,36.2,1,1,2,1,0,0,8,0,0.03,0.03,0.06,0.03,0.06
270,Michael Keane,eng ENG,DF,Everton,32,1993,33,29,2591,28.8,3,1,4,3,0,0,1,1,0.1,0.03,0.14,0.1,0.14
271,Caoimhin Kelleher,ie IRL,GK,Brentford,26,1998,37,37,3330,37,0,0,0,0,0,0,1,0,0,0,0,0,0
272,Milos Kerkez,hu HUN,DF,Liverpool,21,2003,34,27,2257,25.1,2,1,3,2,0,0,4,0,0.08,0.04,0.12,0.08,0.12
273,Kevin,br BRA,MF,Fulham,22,2003,26,9,1041,11.6,1,1,2,1,0,0,1,0,0.09,0.09,0.17,0.09,0.17
274,Abdukodir Khusanov,uz UZB,DF,Manchester City,21,2004,21,15,1432,15.9,0,0,0,0,0,0,2,0,0,0,0,0,0
275,Max Kilman,eng ENG,DF,West Ham,28,1997,21,17,1561,17.3,0,0,0,0,0,0,4,0,0,0,0,0,0
276,Joshua King,eng ENG,MF,Fulham,18,2007,32,15,1308,14.5,1,2,3,1,0,0,4,0,0.07,0.14,0.21,0.07,0.21
277,Antonin Kinsky,cz CZE,GK,Tottenham,22,2003,7,7,630,7,0,0,0,0,0,0,1,0,0,0,0,0,0
278,Justin Kluivert,nl NED,MF,Bournemouth,26,1999,20,10,952,10.6,2,0,2,2,0,0,5,0,0.19,0,0.19,0.19,0.19
279,Joe Knight,eng ENG,MF,Brighton,19,2005,1,0,1,0,0,0,0,0,0,0,0,0,0,0,0,0,0
280,Randal Kolo Muani,fr FRA,FWMF,Tottenham,26,1998,30,21,1664,18.5,1,1,2,1,0,0,3,0,0.05,0.05,0.11,0.05,0.11
281,Ibrahima Konate,fr FRA,DF,Liverpool,26,1999,36,36,3090,34.3,1,0,1,1,0,0,7,0,0.03,0,0.03,0.03,0.03
282,Ezri Konsa,eng ENG,DF,Aston Villa,27,1997,34,34,3035,33.7,0,0,0,0,0,0,0,1,0,0,0,0,0
283,Charalampos Kostoulas,gr GRE,FW,Brighton,18,2007,21,2,369,4.1,2,1,3,2,0,0,2,0,0.49,0.24,0.73,0.49,0.73
284,Mateo Kovacic,hr CRO,MF,Manchester City,31,1994,6,1,130,1.4,0,1,1,0,0,0,0,0,0,0.69,0.69,0,0.69
285,Emil Krafth,se SWE,DF,Newcastle,30,1994,1,1,45,0.5,0,0,0,0,0,0,0,0,0,0,0,0,0
286,Ladislav Krejci,cz CZE,DFMF,Wolves,26,1999,28,27,2356,26.2,2,1,3,2,0,0,5,1,0.08,0.04,0.11,0.08,0.11
287,Mohammed Kudus,gh GHA,MFFW,Tottenham,24,2000,19,19,1535,17.1,2,5,7,2,0,0,3,0,0.12,0.29,0.41,0.12,0.41
288,Jonah Kusi-Asare,se SWE,FW,Fulham,18,2007,7,0,55,0.6,0,0,0,0,0,0,1,0,0,0,0,0,0
289,Shea Lacey,eng ENG,FW,Manchester Utd,18,2007,3,0,43,0.5,0,0,0,0,0,0,0,0,0,0,0,0,0
290,Maxence Lacroix,fr FRA,DF,Crystal Palace,25,2000,35,35,3085,34.3,1,2,3,1,0,0,4,1,0.03,0.06,0.09,0.03,0.09
291,Senne Lammens,be BEL,GK,Manchester Utd,23,2002,32,32,2880,32,0,0,0,0,0,0,0,0,0,0,0,0,0
292,Jamaal Lascelles,eng ENG,DF,Newcastle,31,1993,2,0,21,0.2,0,0,0,0,0,0,0,0,0,0,0,0,0
293,Josh Laurent,eng ENG,DFMF,Burnley,30,1995,33,18,1764,19.6,1,0,1,1,0,0,7,1,0.05,0,0.05,0.05,0.05
294,Romeo Lavia,be BEL,MF,Chelsea,21,2004,12,4,382,4.2,0,0,0,0,0,0,0,0,0,0,0,0,0
295,Enzo Le Fee,fr FRA,MFFW,Sunderland,25,2000,36,33,2930,32.6,5,6,11,2,3,4,5,0,0.15,0.18,0.34,0.06,0.25
296,Bernd Leno,de GER,GK,Fulham,33,1992,38,38,3420,38,0,0,0,0,0,0,3,0,0,0,0,0,0
297,Jefferson Lerma,co COL,MFDF,Crystal Palace,30,1994,31,18,1733,19.3,0,2,2,0,0,0,7,0,0,0.1,0.1,0,0.1
298,Rico Lewis,eng ENG,DF,Manchester City,20,2004,11,4,407,4.5,0,1,1,0,0,0,2,0,0,0.22,0.22,0,0.22
299,Keane Lewis-Potter,eng ENG,DFMF,Brentford,24,2001,36,22,1972,21.9,3,3,6,3,0,0,1,0,0.14,0.14,0.27,0.14,0.27
300,Myles Lewis-Skelly,eng ENG,MFDF,Arsenal,18,2006,20,5,709,7.9,0,0,0,0,0,0,3,0,0,0,0,0,0
301,Matthijs de Ligt,nl NED,DF,Manchester Utd,25,1999,13,13,1170,13,1,0,1,1,0,0,0,0,0.08,0,0.08,0.08,0.08
302,Pedro Lima,br BRA,MF,Wolves,19,2006,9,3,260,2.9,0,0,0,0,0,0,0,0,0,0,0,0,0
303,Victor Lindelof,se SWE,DFMF,Aston Villa,31,1994,17,11,948,10.5,0,1,1,0,0,0,0,0,0,0.09,0.09,0,0.09
304,Tino Livramento,eng ENG,DF,Newcastle,22,2002,17,14,1328,14.8,0,1,1,0,0,0,1,0,0,0.07,0.07,0,0.07
305,Sean Longstaff,eng ENG,MF,Leeds United,27,1997,23,10,1011,11.2,2,2,4,2,0,0,2,0,0.18,0.18,0.36,0.18,0.36
306,Fer Lopez,es ESP,MF,Wolves,21,2004,9,2,235,2.6,0,1,1,0,0,0,1,0,0,0.38,0.38,0,0.38
307,Lucas,br BRA,MFDF,Burnley,24,2001,20,15,1409,15.7,0,0,0,0,0,0,1,1,0,0,0,0,0
308,Lorenzo Lucca,it ITA,FW,Nottingham,24,2000,4,1,129,1.4,1,0,1,1,0,0,0,0,0.7,0,0.7,0.7,0.7
309,Florentino Luis,pt POR,MF,Burnley,25,1999,31,25,2105,23.4,0,2,2,0,0,0,6,0,0,0.09,0.09,0,0.09
310,Douglas Luiz,br BRA,MF,Aston Villa,27,1998,13,7,604,6.7,1,0,1,1,0,0,1,0,0.15,0,0.15,0.15,0.15
311,Douglas Luiz,br BRA,MF,Nottingham,27,1998,8,5,315,3.5,0,0,0,0,0,0,2,0,0,0,0,0,0
312,Sasa Lukic,rs SRB,MF,Fulham,28,1996,26,20,1734,19.3,1,2,3,1,0,0,9,0,0.05,0.1,0.16,0.05,0.16
313,Ian Maatsen,nl NED,DF,Aston Villa,23,2002,30,17,1605,17.8,0,1,1,0,0,0,2,0,0,0.06,0.06,0,0.06
314,Alexis Mac Allister,ar ARG,MF,Liverpool,26,1998,37,31,2658,29.5,2,4,6,2,0,0,7,0,0.07,0.14,0.2,0.07,0.2
315,James Maddison,eng ENG,FWMF,Tottenham,28,1996,3,0,37,0.4,0,0,0,0,0,0,0,0,0,0,0,0,0
316,Noni Madueke,eng ENG,FWMF,Arsenal,23,2002,26,16,1211,13.5,3,1,4,3,0,0,0,0,0.22,0.07,0.3,0.22,0.3
317,Gabriel Magalhaes,br BRA,DF,Arsenal,27,1997,32,30,2751,30.6,3,4,7,3,0,0,4,0,0.1,0.13,0.23,0.1,0.23
318,Soungoutou Magassa,fr FRA,MF,West Ham,21,2003,22,11,981,10.9,1,0,1,1,0,0,4,0,0.09,0,0.09,0.09,0.09
319,Harry Maguire,eng ENG,DF,Manchester Utd,32,1993,23,19,1653,18.4,1,2,3,1,0,0,3,1,0.05,0.11,0.16,0.05,0.16
320,Kobbie Mainoo,eng ENG,MF,Manchester Utd,20,2005,28,16,1662,18.5,1,2,3,1,0,0,2,0,0.05,0.11,0.16,0.05,0.16
321,Tyrell Malacia,nl NED,DF,Manchester Utd,25,1999,3,0,18,0.2,0,0,0,0,0,0,0,0,0,0,0,0,0
322,Donyell Malen,nl NED,FWMF,Aston Villa,26,1999,21,5,656,7.3,4,1,5,4,0,0,0,0,0.55,0.14,0.69,0.55,0.69
323,Giorgi Mamardashvili,ge GEO,GK,Liverpool,24,2000,10,10,867,9.6,0,0,0,0,0,0,0,0,0,0,0,0,0
324,Reinildo Mandava,mz MOZ,DF,Sunderland,31,1994,25,23,1966,21.8,0,1,1,0,0,0,7,1,0,0.05,0.05,0,0.05
325,Mateus Mane,pt POR,MF,Wolves,17,2007,27,19,1795,19.9,3,1,4,3,0,0,0,0,0.15,0.05,0.2,0.15,0.2
326,Bendito Mantato,eng ENG,MF,Manchester Utd,17,2008,1,0,16,0.2,0,0,0,0,0,0,0,0,0,0,0,0,0
327,Solly March,eng ENG,MF,Brighton,31,1994,4,0,41,0.5,0,0,0,0,0,0,0,0,0,0,0,0,0
328,Omar Marmoush,eg EGY,FWMF,Manchester City,26,1999,21,8,700,7.8,3,3,6,3,0,0,3,0,0.39,0.39,0.77,0.39,0.77
329,Callum Marshall,nir NIR,FW,West Ham,20,2004,2,0,60,0.7,0,0,0,0,0,0,0,0,0,0,0,0,0
330,Gabriel Martinelli,br BRA,FWMF,Arsenal,24,2001,30,11,1081,12,1,4,5,1,0,0,3,0,0.08,0.33,0.42,0.08,0.42
331,Emiliano Martinez,ar ARG,GK,Aston Villa,32,1992,32,32,2835,31.5,0,1,1,0,0,0,2,0,0,0.03,0.03,0,0.03
332,Lisandro Martinez,ar ARG,DF,Manchester Utd,27,1998,18,13,1233,13.7,0,0,0,0,0,0,0,1,0,0,0,0,0
333,Arthur Masuaku,cd COD,DF,Sunderland,31,1993,3,2,126,1.4,0,0,0,0,0,0,1,0,0,0,0,0,0
334,Pape Matar Sarr,sn SEN,MF,Tottenham,22,2002,26,13,1398,15.5,2,4,6,2,0,0,3,0,0.13,0.26,0.39,0.13,0.39
335,Jean-Philippe Mateta,fr FRA,FW,Crystal Palace,28,1997,32,25,2218,24.6,12,0,12,8,4,4,2,0,0.49,0,0.49,0.32,0.32
336,Konstantinos Mavropanos,gr GRE,DF,West Ham,27,1997,31,27,2534,28.2,3,0,3,3,0,0,2,0,0.11,0,0.11,0.11,0.11
337,Eliezer Mayenda,es ESP,FWMF,Sunderland,20,2005,20,8,759,8.4,2,0,2,2,0,0,0,0,0.24,0,0.24,0.24,0.24
338,Ezra Mayers,bb BRB,DF,West Ham,18,2007,6,0,117,1.3,0,0,0,0,0,0,0,0,0,0,0,0,0
339,Noussair Mazraoui,ma MAR,DFMF,Manchester Utd,27,1997,20,11,985,10.9,0,0,0,0,0,0,3,0,0,0,0,0,0
340,Bryan Mbeumo,cm CMR,MFFW,Manchester Utd,25,1999,33,31,2609,29,11,3,14,11,0,0,4,0,0.38,0.1,0.48,0.38,0.48
341,James Mcatee,eng ENG,MF,Nottingham,22,2002,14,2,298,3.3,0,1,1,0,0,0,1,0,0,0.3,0.3,0,0.3
342,John McGinn,sct SCO,MF,Aston Villa,30,1994,30,28,2137,23.7,5,4,9,5,0,0,5,0,0.21,0.17,0.38,0.21,0.38
343,Dwight McNeil,eng ENG,MF,Everton,25,1999,22,14,1168,13,0,1,1,0,0,0,1,0,0,0.08,0.08,0,0.08
344,Hannibal Mejbri,tn TUN,MF,Burnley,22,2003,27,15,1229,13.7,1,4,5,1,0,0,10,0,0.07,0.29,0.37,0.07,0.37
345,Mikel Merino,es ESP,MFFW,Arsenal,29,1996,22,10,1036,11.5,4,3,7,4,0,0,1,0,0.35,0.26,0.61,0.35,0.61
346,Shumaira Mheuka,eng ENG,FW,Chelsea,17,2007,1,0,2,0,0,0,0,0,0,0,0,0,0,0,0,0,0
347,Antoni Milambo,nl NED,MF,Brentford,20,2005,1,1,45,0.5,0,0,0,0,0,0,0,0,0,0,0,0,0
348,Nikola Milenkovic,rs SRB,DF,Nottingham,27,1997,38,37,3375,37.5,0,0,0,0,0,0,6,0,0,0,0,0,0
349,Lewis Miley,eng ENG,MFDF,Newcastle,19,2006,23,15,1496,16.6,1,4,5,1,0,0,0,0,0.06,0.24,0.3,0.06,0.3
350,James Milner,eng ENG,MF,Brighton,39,1986,20,7,784,8.7,1,1,2,0,1,1,2,0,0.11,0.11,0.23,0,0.11
351,Veljko Milosavljevic,rs SRB,DF,Bournemouth,18,2007,7,4,368,4.1,0,0,0,0,0,0,0,0,0,0,0,0,0
352,Tyrone Mings,eng ENG,DF,Aston Villa,32,1993,17,15,1324,14.7,0,0,0,0,0,0,1,0,0,0,0,0,0
353,Yankuba Minteh,gm GAM,MF,Brighton,21,2004,34,26,2391,26.6,3,4,7,3,0,0,3,0,0.11,0.15,0.26,0.11,0.26
354,Tyrick Mitchell,eng ENG,MF,Crystal Palace,25,1999,38,36,3251,36.1,1,2,3,1,0,0,6,0,0.03,0.06,0.08,0.03,0.08
355,Kaoru Mitoma,jp JPN,MFFW,Brighton,28,1997,25,19,1721,19.1,3,1,4,3,0,0,5,0,0.16,0.05,0.21,0.16,0.21
356,Morato,br BRA,DF,Nottingham,24,2001,21,14,1345,14.9,1,0,1,1,0,0,5,0,0.07,0,0.07,0.07,0.07
357,Cristhian Mosquera,es ESP,DF,Arsenal,21,2004,20,9,994,11,0,0,0,0,0,0,4,0,0,0,0,0,0
358,Yerson Mosquera,co COL,DF,Wolves,24,2001,27,24,2136,23.7,0,0,0,0,0,0,12,0,0,0,0,0,0
359,Mason Mount,eng ENG,MF,Manchester Utd,26,1999,23,12,1017,11.3,3,0,3,3,0,0,2,0,0.27,0,0.27,0.27,0.27
360,Divine Mukasa,eng ENG,MF,Manchester City,17,2007,2,0,27,0.3,0,0,0,0,0,0,0,0,0,0,0,0,0
361,Nordi Mukiele,fr FRA,DF,Sunderland,27,1997,32,32,2784,30.9,3,3,6,3,0,0,5,0,0.1,0.1,0.19,0.1,0.19
362,Romaine Mundle,eng ENG,MF,Sunderland,22,2003,14,2,411,4.6,0,0,0,0,0,0,1,0,0,0,0,0,0
363,Marshall Munetsi,zw ZIM,MFFW,Wolves,29,1996,13,9,875,9.7,1,1,2,1,0,0,2,0,0.1,0.1,0.21,0.1,0.21
364,Rodrigo Muniz,br BRA,FW,Fulham,24,2001,21,10,1000,11.1,1,1,2,1,0,0,2,0,0.09,0.09,0.18,0.09,0.18
365,Daniel Munoz,co COL,MF,Crystal Palace,29,1996,29,29,2399,26.7,4,3,7,4,0,0,7,0,0.15,0.11,0.26,0.15,0.26
366,Murillo,br BRA,DF,Nottingham,23,2002,25,25,2130,23.7,1,0,1,1,0,0,5,0,0.04,0,0.04,0.04,0.04
367,Alex Murphy,ie IRL,DF,Newcastle,21,2004,2,0,9,0.1,0,0,0,0,0,0,0,0,0,0,0,0,0
368,Jacob Murphy,eng ENG,FWMF,Newcastle,30,1995,33,19,1617,18,3,2,5,3,0,0,2,0,0.17,0.11,0.28,0.17,0.28
369,Vitaliy Mykolenko,ua UKR,DF,Everton,26,1999,33,33,2958,32.9,0,1,1,0,0,0,6,0,0,0.03,0.03,0,0.03
370,David Moller Wolfe,no NOR,MFDF,Wolves,23,2002,22,11,1049,11.7,0,2,2,0,0,0,1,0,0,0.17,0.17,0,0.17
371,Iliman Ndiaye,sn SEN,MF,Everton,25,2000,32,32,2778,30.9,6,3,9,4,2,2,2,0,0.19,0.1,0.29,0.13,0.23
372,Dan Ndoye,ch SUI,MF,Nottingham,24,2000,24,14,1173,13,1,1,2,1,0,0,1,0,0.08,0.08,0.15,0.08,0.15
373,Sean Neave,eng ENG,FW,Newcastle,18,2007,1,0,14,0.2,0,0,0,0,0,0,0,0,0,0,0,0,0
374,Dan Neil,eng ENG,MF,Sunderland,23,2001,3,0,14,0.2,0,0,0,0,0,0,0,0,0,0,0,0,0
375,Reiss Nelson,eng ENG,FWMF,Brentford,25,1999,10,0,126,1.4,0,1,1,0,0,0,0,0,0,0.71,0.71,0,0.71
376,Pedro Neto,pt POR,MFFW,Chelsea,25,2000,34,30,2631,29.2,5,6,11,5,0,0,4,1,0.17,0.21,0.38,0.17,0.38
377,Luca Netz,de GER,DFMF,Nottingham,22,2003,7,3,357,4,0,0,0,0,0,0,0,0,0,0,0,0,0
378,Rio Ngumoha,eng ENG,MF,Liverpool,16,2008,19,5,560,6.2,2,1,3,2,0,0,0,0,0.32,0.16,0.48,0.32,0.48
379,Eddie Nketiah,eng ENG,MF,Crystal Palace,26,1999,12,2,424,4.7,2,0,2,2,0,0,2,0,0.42,0,0.42,0.42,0.42
380,Lukas Nmecha,de GER,FW,Leeds United,26,1998,31,10,1083,12,6,1,7,4,2,3,0,0,0.5,0.08,0.58,0.33,0.42
381,Matheus Nunes,pt POR,DF,Manchester City,26,1998,34,32,2862,31.8,1,5,6,1,0,0,5,0,0.03,0.16,0.19,0.03,0.19
382,Ethan Nwaneri,eng ENG,MF,Arsenal,18,2007,6,0,171,1.9,0,0,0,0,0,0,0,0,0,0,0,0,0
383,Trey Nyoni,eng ENG,MF,Liverpool,18,2007,6,0,24,0.3,0,0,0,0,0,0,0,0,0,0,0,0,0
384,Christian Norgaard,dk DEN,MF,Arsenal,31,1994,7,1,106,1.2,0,0,0,0,0,0,0,0,0,0,0,0,0
385,Jake O'Brien,ie IRL,DF,Everton,24,2001,37,35,3120,34.7,1,1,2,1,0,0,6,1,0.03,0.03,0.06,0.03,0.06
386,Luke O'Nien,eng ENG,DF,Sunderland,30,1994,12,5,569,6.3,0,1,1,0,0,0,1,1,0,0.16,0.16,0,0.16
387,Nico O'Reilly,eng ENG,DFMF,Manchester City,20,2005,34,29,2646,29.4,5,3,8,5,0,0,5,0,0.17,0.1,0.27,0.17,0.27
388,Matt O'Riley,dk DEN,MF,Brighton,24,2000,6,2,204,2.3,1,0,1,0,1,1,0,0,0.44,0,0.44,0,0
389,Wilson Odobert,fr FRA,MFFW,Tottenham,20,2004,24,10,985,10.9,0,2,2,0,0,0,0,0,0,0.18,0.18,0,0.18
390,Noah Okafor,ch SUI,FWMF,Leeds United,25,2000,28,19,1561,17.3,8,1,9,8,0,0,3,0,0.46,0.06,0.52,0.46,0.52
391,Callum Olusesi,eng ENG,MF,Tottenham,18,2007,1,0,15,0.2,0,0,0,0,0,0,0,0,0,0,0,0,0
392,Amadou Onana,be BEL,MF,Aston Villa,23,2001,25,21,1758,19.5,2,0,2,2,0,0,3,0,0.1,0,0.1,0.1,0.1
393,Frank Onyeka,ng NGA,MF,Brentford,27,1998,6,0,92,1,0,1,1,0,0,0,0,0,0,0.98,0.98,0,0.98
394,Nehemiah Oriola,eng ENG,MF,Brighton,18,2007,1,0,1,0,0,0,0,0,0,0,0,0,0,0,0,0,0
395,Stefan Ortega,de GER,GK,Nottingham,32,1992,3,3,270,3,0,0,0,0,0,0,0,0,0,0,0,0,0
396,William Osula,dk DEN,FW,Newcastle,21,2003,24,8,819,9.1,7,0,7,7,0,0,0,0,0.77,0,0.77,0.77,0.77
397,Dango Ouattara,bf BFA,MF,Brentford,23,2002,32,25,2276,25.3,7,3,10,7,0,0,5,0,0.28,0.12,0.4,0.28,0.4
398,Pablo,br BRA,MFFW,West Ham,21,2004,14,10,823,9.1,0,1,1,0,0,0,0,0,0,0.11,0.11,0,0.11
399,Joao Palhinha,pt POR,MF,Tottenham,30,1995,33,23,2198,24.4,5,2,7,5,0,0,8,0,0.2,0.08,0.29,0.2,0.29
400,Cole Palmer,eng ENG,MF,Chelsea,23,2002,26,24,1955,21.7,10,1,11,5,5,6,5,0,0.46,0.05,0.51,0.23,0.28
401,Lucas Paqueta,br BRA,MFFW,West Ham,27,1997,18,18,1511,16.8,4,1,5,2,2,2,7,1,0.24,0.06,0.3,0.12,0.18
402,Nathan Patterson,sct SCO,DF,Everton,23,2001,7,3,241,2.7,0,0,0,0,0,0,0,0,0,0,0,0,0
403,Myles Peart-Harris,eng ENG,MF,Brentford,22,2002,1,0,1,0,0,0,0,0,0,0,0,0,0,0,0,0,0
404,Lucas Perri,br BRA,GK,Leeds United,27,1997,16,16,1440,16,0,0,0,0,0,0,2,0,0,0,0,0,0
405,Dorde Petrovic,rs SRB,GK,Bournemouth,25,1999,38,38,3420,38,0,0,0,0,0,0,3,0,0,0,0,0,0
406,Jordan Pickford,eng ENG,GK,Everton,31,1994,38,38,3420,38,0,0,0,0,0,0,4,0,0,0,0,0,0
407,Ethan Pinnock,jm JAM,DF,Brentford,32,1993,4,4,318,3.5,0,0,0,0,0,0,1,0,0,0,0,0,0
408,Yeremy Pino,es ESP,MFFW,Crystal Palace,22,2002,34,26,2080,23.1,2,2,4,2,0,0,4,0,0.09,0.09,0.17,0.09,0.17
409,Joel Piroe,sr SUR,FW,Leeds United,25,1999,16,2,258,2.9,0,0,0,0,0,0,0,0,0,0,0,0,0
410,Nick Pope,eng ENG,GK,Newcastle,33,1992,27,27,2416,26.8,0,0,0,0,0,0,2,0,0,0,0,0,0
411,Pedro Porro,es ESP,DF,Tottenham,25,1999,34,32,2796,31.1,1,2,3,1,0,0,10,0,0.03,0.06,0.1,0.03,0.1
412,Freddie Potts,eng ENG,MF,West Ham,21,2003,22,12,1171,13,0,1,1,0,0,0,1,0,0,0.08,0.08,0,0.08
413,Aaron Ramsdale,eng ENG,GK,Newcastle,27,1998,12,11,1004,11.2,0,0,0,0,0,0,2,0,0,0,0,0,0
414,Jacob Ramsey,eng ENG,MF,Newcastle,24,2001,28,15,1450,16.1,2,3,5,2,0,0,5,1,0.12,0.19,0.31,0.12,0.31
415,David Raya,es ESP,GK,Arsenal,29,1995,37,37,3330,37,0,0,0,0,0,0,1,0,0,0,0,0,0
416,Rayan,br BRA,MF,Bournemouth,18,2006,15,13,1111,12.3,5,2,7,5,0,0,1,0,0.41,0.16,0.57,0.41,0.57
417,Harrison Reed,eng ENG,MF,Fulham,30,1995,7,1,94,1,1,0,1,1,0,0,0,0,0.96,0,0.96,0.96,0.96
418,Tijjani Reijnders,nl NED,MF,Manchester City,27,1998,28,19,1631,18.1,5,2,7,5,0,0,2,0,0.28,0.11,0.39,0.28,0.39
419,Chadi Riad,ma MAR,DF,Crystal Palace,22,2003,9,6,552,6.1,0,1,1,0,0,0,2,0,0,0.16,0.16,0,0.16
420,Declan Rice,eng ENG,MF,Arsenal,26,1999,36,35,3094,34.4,4,5,9,4,0,0,3,0,0.12,0.15,0.26,0.12,0.26
421,Chris Richards,us USA,DF,Crystal Palace,25,2000,33,31,2827,31.4,1,0,1,1,0,0,4,0,0.03,0,0.03,0.03,0.03
422,Richarlison,br BRA,FWMF,Tottenham,28,1997,32,20,1964,21.8,11,4,15,11,0,0,5,0,0.5,0.18,0.69,0.5,0.69
423,Chris Rigg,eng ENG,MF,Sunderland,18,2007,18,11,761,8.5,1,1,2,1,0,0,1,0,0.12,0.12,0.24,0.12,0.24
424,Patrick Roberts,eng ENG,FWMF,Sunderland,28,1997,1,0,28,0.3,0,0,0,0,0,0,0,0,0,0,0,0,0
425,Andy Robertson,sct SCO,DF,Liverpool,31,1994,24,11,1176,13.1,1,0,1,1,0,0,0,0,0.08,0,0.08,0.08,0.08
426,Antonee Robinson,us USA,DFMF,Fulham,27,1997,22,17,1492,16.6,1,0,1,0,1,1,5,0,0.06,0,0.06,0,0
427,Kaden Rodney,eng ENG,DFMF,Crystal Palace,20,2004,1,0,4,0,0,0,0,0,0,0,0,0,0,0,0,0,0
428,Joe Rodon,wls WAL,DF,Leeds United,27,1997,35,33,2951,32.8,2,0,2,2,0,0,3,0,0.06,0,0.06,0.06,0.06
429,Rodri,es ESP,MF,Manchester City,29,1996,21,17,1511,16.8,1,0,1,1,0,0,3,0,0.06,0,0.06,0.06,0.06
430,Guido Rodriguez,ar ARG,MF,West Ham,31,1994,6,2,180,2,0,0,0,0,0,0,1,0,0,0,0,0,0
431,Robin Roefs,nl NED,GK,Sunderland,22,2003,35,35,3150,35,0,0,0,0,0,0,4,0,0,0,0,0,0
432,Morgan Rogers,eng ENG,MF,Aston Villa,23,2002,37,37,3280,36.4,10,6,16,10,0,0,7,0,0.27,0.16,0.44,0.27,0.44
433,Merlin Rohl,de GER,MF,Everton,23,2002,16,6,682,7.6,1,0,1,1,0,0,0,0,0.13,0,0.13,0.13,0.13
434,Cristian Romero,ar ARG,DF,Tottenham,27,1998,23,22,1868,20.8,4,1,5,4,0,0,11,2,0.19,0.05,0.24,0.19,0.24
435,James Rowswell,eng ENG,DF,Tottenham,19,2006,1,0,1,0,0,0,0,0,0,0,0,0,0,0,0,0,0
436,Georginio Rutter,fr FRA,MFFW,Brighton,23,2002,32,20,1786,19.8,3,3,6,3,0,0,2,0,0.15,0.15,0.3,0.15,0.3
437,Jose Sa,pt POR,GK,Wolves,32,1993,23,23,2070,23,0,0,0,0,0,0,2,0,0,0,0,0,0
438,Noah Sadiki,cd COD,MF,Sunderland,20,2004,33,33,2889,32.1,0,1,1,0,0,0,9,0,0,0.03,0.03,0,0.03
439,Bukayo Saka,eng ENG,FWMF,Arsenal,23,2001,31,25,2222,24.7,7,5,12,6,1,1,2,0,0.28,0.2,0.49,0.24,0.45
440,Mohamed Salah,eg EGY,MF,Liverpool,33,1992,27,23,2146,23.8,7,7,14,6,1,1,1,0,0.29,0.29,0.59,0.25,0.55
441,William Saliba,fr FRA,DF,Arsenal,24,2001,31,30,2614,29,1,0,1,1,0,0,2,0,0.03,0,0.03,0.03,0.03
442,Robert S�nchez,es ESP,GK,Chelsea,27,1997,35,35,3039,33.8,0,1,1,0,0,0,3,1,0,0.03,0.03,0,0.03
443,Jadon Sancho,eng ENG,MF,Aston Villa,25,2000,23,9,876,9.7,0,2,2,0,0,0,0,0,0,0.21,0.21,0,0.21
444,Ibrahim Sangar�,ci CIV,MF,Nottingham,27,1997,28,25,2075,23.1,2,2,4,2,0,0,5,0,0.09,0.09,0.17,0.09,0.17
445,Andrey Santos,br BRA,MF,Chelsea,21,2004,27,13,1260,14,1,0,1,1,0,0,4,0,0.07,0,0.07,0.07,0.07
446,Ismaila Sarr,sn SEN,MF,Crystal Palace,27,1998,28,24,2174,24.2,9,1,10,6,3,3,2,0,0.37,0.04,0.41,0.25,0.29
447,Mamadou Sarr,sn SEN,DF,Chelsea,19,2005,3,1,102,1.1,0,0,0,0,0,0,0,0,0,0,0,0,0
448,Savio,br BRA,MF,Manchester City,21,2004,24,7,833,9.3,1,1,2,1,0,0,2,0,0.11,0.11,0.22,0.11,0.22
449,Nicolo Savona,it ITA,DF,Nottingham,22,2003,14,11,1028,11.4,2,0,2,2,0,0,2,0,0.18,0,0.18,0.18,0.18
450,Oliver Scarles,eng ENG,DFMF,West Ham,19,2005,13,9,659,7.3,0,0,0,0,0,0,2,0,0,0,0,0,0
451,Dane Scarlett,eng ENG,FW,Tottenham,21,2004,2,0,9,0.1,0,0,0,0,0,0,0,0,0,0,0,0,0
452,Kevin Schade,de GER,MFFW,Brentford,23,2001,35,32,2745,30.5,8,3,11,8,0,1,6,1,0.26,0.1,0.36,0.26,0.36
453,Fabian Schar,ch SUI,DF,Newcastle,33,1991,16,11,1091,12.1,0,0,0,0,0,0,1,0,0,0,0,0,0
454,Alex Scott,eng ENG,MF,Bournemouth,21,2003,37,34,2849,31.7,3,1,4,3,0,0,5,0,0.09,0.03,0.13,0.09,0.13
455,Jenson Seelt,nl NED,DF,Sunderland,22,2003,2,1,134,1.5,0,0,0,0,0,0,0,0,0,0,0,0,0
456,Matz Sels,be BEL,GK,Nottingham,33,1992,31,30,2668,29.6,0,0,0,0,0,0,2,0,0,0,0,0,0
457,Antoine Semenyo,gh GHA,MFFW,Manchester City,25,2000,17,17,1397,15.5,7,1,8,7,0,0,1,0,0.45,0.06,0.52,0.45,0.52
458,Antoine Semenyo,gh GHA,MF,Bournemouth,25,2000,20,20,1798,20,10,3,13,9,1,2,6,0,0.5,0.15,0.65,0.45,0.6
459,Marcos Senesi,ar ARG,DF,Bournemouth,28,1997,37,37,3288,36.5,0,5,5,0,0,0,8,0,0,0.14,0.14,0,0.14
460,Benjamin Sesko,si SVN,FW,Manchester Utd,22,2003,30,17,1643,18.3,11,1,12,11,0,0,2,0,0.6,0.05,0.66,0.6,0.66
461,Ryan Sessegnon,eng ENG,DFMF,Fulham,25,2000,27,20,1823,20.3,3,1,4,3,0,0,0,0,0.15,0.05,0.2,0.15,0.2
462,Luke Shaw,eng ENG,DF,Manchester Utd,30,1995,38,38,3219,35.8,1,1,2,1,0,0,9,0,0.03,0.03,0.06,0.03,0.06
463,Bernardo Silva,pt POR,MF,Manchester City,30,1994,38,34,2872,31.9,2,4,6,2,0,0,10,0,0.06,0.13,0.19,0.06,0.19
464,Jota Silva,pt POR,FW,Nottingham,25,1999,1,0,12,0.1,0,0,0,0,0,0,0,0,0,0,0,0,0
465,Xavi Simons,nl NED,MFFW,Tottenham,22,2003,28,19,1755,19.5,2,5,7,2,0,0,5,1,0.1,0.26,0.36,0.1,0.36
466,Adam Smith,eng ENG,DF,Bournemouth,34,1991,22,14,1077,12,0,2,2,0,0,0,3,0,0,0.17,0.17,0,0.17
467,Emile Smith Rowe,eng ENG,MF,Fulham,25,2000,37,22,1923,21.4,3,0,3,3,0,0,1,0,0.14,0,0.14,0.14,0.14
468,Dominic Solanke,eng ENG,FW,Tottenham,27,1997,15,11,1001,11.1,3,0,3,3,0,0,1,0,0.27,0,0.27,0.27,0.27
469,Julio Soler,ar ARG,DF,Bournemouth,20,2005,3,0,35,0.4,0,0,0,0,0,0,0,0,0,0,0,0,0
470,Oliver Sonne,pe PER,DF,Burnley,24,2000,7,1,169,1.9,1,0,1,1,0,0,0,0,0.53,0,0.53,0.53,0.53
471,Borna Sosa,hr CRO,DFMF,Crystal Palace,27,1998,7,0,101,1.1,0,0,0,0,0,0,1,0,0,0,0,0,0
472,Tomas Soucek,cz CZE,MF,West Ham,30,1995,35,24,2200,24.4,5,0,5,5,0,0,3,1,0.2,0,0.2,0.2,0.2
473,Souza,br BRA,MF,Tottenham,19,2006,4,2,144,1.6,0,0,0,0,0,0,1,0,0,0,0,0,0
474,Djed Spence,eng ENG,DFMF,Tottenham,24,2000,30,23,2056,22.8,0,0,0,0,0,0,4,0,0,0,0,0,0
475,Anton Stach,de GER,MF,Leeds United,26,1998,29,28,2370,26.3,5,3,8,5,0,0,3,0,0.19,0.11,0.3,0.19,0.3
476,John Stones,eng ENG,DF,Manchester City,31,1994,9,5,439,4.9,0,0,0,0,0,0,0,0,0,0,0,0,0
477,Jorgen Strand Larsen,no NOR,FW,Wolves,25,2000,22,14,1404,15.6,1,1,2,0,1,2,2,0,0.06,0.06,0.13,0,0.06
478,Jorgen Strand Larsen,no NOR,FW,Crystal Palace,25,2000,14,12,903,10,3,0,3,3,0,0,2,0,0.3,0,0.3,0.3,0.3
479,Pascal Struijk,nl NED,DF,Leeds United,25,1999,34,33,2936,32.6,0,1,1,0,0,0,5,0,0,0.03,0.03,0,0.03
480,Crysencio Summerville,nl NED,MFFW,West Ham,23,2001,31,29,2470,27.4,5,2,7,5,0,0,6,0,0.18,0.07,0.26,0.18,0.26
481,Dominik Szoboszlai,hu HUN,MFDF,Liverpool,24,2000,36,36,3231,35.9,6,7,13,6,0,1,8,1,0.17,0.19,0.36,0.17,0.36
482,Jocelin Ta Bi,ci CIV,MF,Sunderland,20,2005,1,1,38,0.4,0,0,0,0,0,0,0,0,0,0,0,0,0
483,Chemsdine Talbi,ma MAR,MFFW,Sunderland,20,2005,28,16,1561,17.3,4,1,5,4,0,0,0,0,0.23,0.06,0.29,0.23,0.29
484,Ao Tanaka,jp JPN,MF,Leeds United,26,1998,28,14,1315,14.6,2,0,2,2,0,0,1,0,0.14,0,0.14,0.14,0.14
485,James Tarkowski,eng ENG,DF,Everton,32,1992,37,37,3330,37,2,3,5,2,0,0,8,0,0.05,0.08,0.14,0.05,0.14
486,Marcus Tavernier,eng ENG,MF,Bournemouth,26,1999,34,31,2731,30.3,7,4,11,5,2,2,6,0,0.23,0.13,0.36,0.16,0.3
487,Loum Tchaouna,fr FRA,MFFW,Burnley,21,2003,29,14,1272,14.1,2,1,3,2,0,0,2,0,0.14,0.07,0.21,0.14,0.21
488,Jackson Tchatchoua,cm CMR,MFDF,Wolves,23,2001,31,19,1845,20.5,0,1,1,0,0,0,3,0,0,0.05,0.05,0,0.05
489,Mathys Tel,fr FRA,MFFW,Tottenham,20,2005,31,13,1349,15,4,1,5,4,0,0,1,0,0.27,0.07,0.33,0.27,0.33
490,Kenny Tete,nl NED,DF,Fulham,29,1995,22,21,1791,19.9,1,0,1,1,0,0,2,0,0.05,0,0.05,0.05,0.05
491,Igor Thiago,br BRA,FW,Brentford,24,2001,38,37,3282,36.5,22,1,23,14,8,9,7,0,0.6,0.03,0.63,0.38,0.41
492,Malick Thiaw,de GER,DF,Newcastle,23,2001,35,33,2965,32.9,4,0,4,4,0,0,4,0,0.12,0,0.12,0.12,0.12
493,Youri Tielemans,be BEL,MF,Aston Villa,28,1997,25,21,1862,20.7,0,4,4,0,0,0,0,0,0,0.19,0.19,0,0.19
494,Jurrien Timber,nl NED,DF,Arsenal,24,2001,30,28,2454,27.3,3,5,8,3,0,0,5,0,0.11,0.18,0.29,0.11,0.29
495,Jean-Clair Todibo,fr FRA,DF,West Ham,25,1999,23,22,1814,20.2,0,1,1,0,0,0,5,1,0,0.05,0.05,0,0.05
496,Sandro Tonali,it ITA,MF,Newcastle,25,2000,35,31,2534,28.2,0,2,2,0,0,0,4,0,0,0.07,0.07,0,0.07
497,Pau Torres,es ESP,DF,Aston Villa,28,1997,21,18,1676,18.6,0,0,0,0,0,0,1,0,0,0,0,0,0
498,Alex Toth,hu HUN,MF,Bournemouth,19,2005,9,2,140,1.6,0,0,0,0,0,0,1,0,0,0,0,0,0
499,James Trafford,eng ENG,GK,Manchester City,22,2002,4,4,360,4,0,0,0,0,0,0,0,0,0,0,0,0,0
500,Adama Traore,es ESP,MF,Fulham,29,1996,15,1,274,3,0,0,0,0,0,0,0,0,0,0,0,0,0
501,Adama Traore,es ESP,FWMF,West Ham,29,1996,9,0,121,1.3,0,0,0,0,0,0,1,0,0,0,0,0,0
502,Bertrand Traore,bf BFA,MFFW,Sunderland,29,1995,12,9,632,7,1,0,1,1,0,0,1,0,0.14,0,0.14,0.14,0.14
503,Mike Tresor,be BEL,FWMF,Burnley,26,1999,6,0,43,0.5,0,0,0,0,0,0,0,0,0,0,0,0,0
504,Kieran Trippier,eng ENG,DF,Newcastle,34,1990,21,18,1586,17.6,0,1,1,0,0,0,3,0,0,0.06,0.06,0,0.06
505,Leandro Trossard,be BEL,FWMF,Arsenal,30,1994,31,21,2000,22.2,6,6,12,6,0,0,2,0,0.27,0.27,0.54,0.27,0.54
506,Adrien Truffert,fr FRA,DF,Bournemouth,23,2001,38,38,3379,37.5,1,5,6,1,0,0,5,0,0.03,0.13,0.16,0.03,0.16
507,Axel Tuanzebe,cd COD,DF,Burnley,27,1997,14,14,1201,13.3,1,0,1,1,0,0,1,0,0.07,0,0.07,0.07,0.07
508,Stefanos Tzimas,gr GRE,FW,Brighton,19,2006,9,1,139,1.5,1,1,2,1,0,0,0,0,0.65,0.65,1.29,0.65,1.29
509,Christantus Uche,ng NGA,FW,Crystal Palace,22,2003,14,0,173,1.9,0,0,0,0,0,0,0,0,0,0,0,0,0
510,Destiny Udogie,it ITA,DFMF,Tottenham,22,2002,20,14,1338,14.9,0,1,1,0,0,0,4,0,0,0.07,0.07,0,0.07
511,Manuel Ugarte,uy URU,MF,Manchester Utd,24,2001,22,8,887,9.9,0,0,0,0,0,0,1,0,0,0,0,0,0
512,Lesley Ugochukwu,fr FRA,MF,Burnley,21,2004,35,27,2336,26,3,1,4,3,0,0,3,1,0.12,0.04,0.15,0.12,0.15
513,Enes Unal,tr TUR,FW,Bournemouth,28,1997,23,0,232,2.6,1,0,1,1,0,0,1,0,0.39,0,0.39,0.39,0.39
514,Hakon Valdimarsson,is ISL,GK,Brentford,23,2001,1,1,90,1,0,0,0,0,0,0,0,0,0,0,0,0,0
515,Virgil van Dijk,nl NED,DF,Liverpool,34,1991,38,38,3420,38,6,0,6,6,0,0,4,0,0.16,0,0.16,0.16,0.16
516,Joel Veltman,nl NED,DF,Brighton,33,1992,24,9,1058,11.8,1,0,1,1,0,0,5,0,0.09,0,0.09,0.09,0.09
517,Micky van de Ven,nl NED,DF,Tottenham,24,2001,35,35,3041,33.8,4,1,5,4,0,0,9,1,0.12,0.03,0.15,0.12,0.15
518,Bart Verbruggen,nl NED,GK,Brighton,22,2002,38,38,3420,38,0,0,0,0,0,0,3,0,0,0,0,0,0
519,Guglielmo Vicario,it ITA,GK,Tottenham,28,1996,31,31,2790,31,0,0,0,0,0,0,1,0,0,0,0,0,0
520,Kyle Walker,eng ENG,DFMF,Burnley,35,1990,36,35,3096,34.4,0,2,2,0,0,0,9,0,0,0.06,0.06,0,0.06
521,Kyle Walker-Peters,eng ENG,DF,West Ham,28,1997,23,15,1383,15.4,1,0,1,1,0,0,2,0,0.07,0,0.07,0.07,0.07
522,Aaron Wan-Bissaka,cd COD,DFMF,West Ham,27,1997,25,23,2081,23.1,0,2,2,0,0,0,4,0,0,0.09,0.09,0,0.09
523,James Ward-Prowse,eng ENG,MF,West Ham,30,1994,5,5,413,4.6,0,0,0,0,0,0,0,0,0,0,0,0,0
524,James Ward-Prowse,eng ENG,MF,Burnley,30,1994,13,7,684,7.6,0,1,1,0,0,0,1,0,0,0.13,0.13,0,0.13
525,Ollie Watkins,eng ENG,FW,Aston Villa,29,1995,37,33,2839,31.5,16,3,19,16,0,0,4,0,0.51,0.1,0.6,0.51,0.6
526,Tom Watson,eng ENG,MF,Brighton,19,2006,6,0,62,0.7,0,0,0,0,0,0,1,0,0,0,0,0,0
527,Max Weiss,de GER,GK,Burnley,21,2004,3,3,270,3,0,0,0,0,0,0,0,0,0,0,0,0,0
528,Danny Welbeck,eng ENG,FW,Brighton,34,1990,37,26,2258,25.1,13,1,14,12,1,3,5,0,0.52,0.04,0.56,0.48,0.52
529,Adam Wharton,eng ENG,MF,Crystal Palace,21,2004,34,29,2552,28.4,1,5,6,1,0,0,6,1,0.04,0.18,0.21,0.04,0.21
530,Ben White,eng ENG,DF,Arsenal,27,1997,12,9,702,7.8,0,1,1,0,0,0,0,0,0,0.13,0.13,0,0.13
531,Mats Wieffer,nl NED,DF,Brighton,25,1999,26,23,1903,21.1,2,3,5,2,0,0,8,0,0.09,0.14,0.24,0.09,0.24
532,Neco Williams,wls WAL,DF,Nottingham,24,2001,37,36,3204,35.6,2,3,5,2,0,0,6,1,0.06,0.08,0.14,0.06,0.14
533,Estevao Willian,br BRA,MF,Chelsea,18,2007,22,12,848,9.4,2,2,4,2,0,0,4,0,0.21,0.21,0.42,0.21,0.42
534,Joe Willock,eng ENG,MF,Newcastle,25,1999,24,10,983,10.9,0,2,2,0,0,0,3,0,0,0.18,0.18,0,0.18
535,Callum Wilson,eng ENG,FW,West Ham,33,1992,32,11,1251,13.9,7,1,8,7,0,0,1,0,0.5,0.07,0.58,0.5,0.58
536,Harry Wilson,wls WAL,MF,Fulham,28,1997,36,32,2673,29.7,10,7,17,10,0,0,7,0,0.34,0.24,0.57,0.34,0.57
537,Ben Winterburn,eng ENG,MF,Bournemouth,20,2004,1,0,7,0.1,0,0,0,0,0,0,0,0,0,0,0,0,0
538,Florian Wirtz,de GER,MF,Liverpool,22,2003,33,27,2378,26.4,5,3,8,5,0,0,1,0,0.19,0.11,0.3,0.19,0.3
539,Yoane Wissa,cd COD,FW,Newcastle,28,1996,19,4,531,5.9,1,1,2,1,0,0,3,0,0.17,0.17,0.34,0.17,0.34
540,Nick Woltemade,de GER,FWMF,Newcastle,23,2002,33,24,1902,21.1,8,3,11,7,1,1,0,0,0.38,0.14,0.52,0.33,0.47
541,Chris Wood,nz NZL,FW,Nottingham,33,1991,15,11,901,10,3,0,3,3,0,0,0,0,0.3,0,0.3,0.3,0.3
542,Freddie Woodman,eng ENG,GK,Liverpool,28,1997,3,2,213,2.4,0,0,0,0,0,0,0,0,0,0,0,0,0
543,Joe Worrall,eng ENG,DF,Burnley,28,1997,11,5,500,5.6,0,0,0,0,0,0,0,0,0,0,0,0,0
544,Granit Xhaka,ch SUI,MF,Sunderland,32,1992,34,32,2904,32.3,1,6,7,1,0,0,8,0,0.03,0.19,0.22,0.03,0.22
545,Yehor Yarmoliuk,ua UKR,MF,Brentford,21,2004,37,30,2659,29.5,1,2,3,1,0,0,7,0,0.03,0.07,0.1,0.03,0.1
546,Ryan Yates,eng ENG,MF,Nottingham,27,1997,22,2,617,6.9,0,2,2,0,0,0,3,0,0,0.29,0.29,0,0.29
547,Leny Yoro,fr FRA,DF,Manchester Utd,19,2005,32,18,1740,19.3,0,0,0,0,0,0,1,0,0,0,0,0,0
548,Oleksandr Zinchenko,ua UKR,DF,Nottingham,28,1996,5,4,353,3.9,0,0,0,0,0,0,0,0,0,0,0,0,0
549,Joshua Zirkzee,nl NED,FWMF,Manchester Utd,24,2001,24,5,626,7,2,1,3,2,0,0,3,0,0.29,0.14,0.43,0.29,0.43
550,Martin Zubimendi,es ESP,MF,Arsenal,26,1999,38,34,2992,33.2,5,1,6,5,0,0,4,0,0.15,0.03,0.18,0.15,0.18
551,Martin Odegaard,no NOR,MF,Arsenal,26,1998,24,16,1369,15.2,1,6,7,1,0,0,0,0,0.07,0.39,0.46,0.07,0.46
